word,letter,source,difficulty,notes
aaa,A,CMU Pronouncing Dictionary,easy,Alphabet practice word starting with A
aaberg,A,CMU Pronouncing Dictionary,medium,Alphabet practice word starting with A
aachen,A,CMU Pronouncing Dictionary,medium,Alphabet practice word starting with A
aachener,A,CMU Pronouncing Dictionary,hard,Alphabet practice word starting with A
aaker,A,CMU Pronouncing Dictionary,easy,Alphabet practice word starting with A
aalborg,A,CMU Pronouncing Dictionary,medium,Alphabet practice word starting with A
aalburg,A,CMU Pronouncing Dictionary,medium,Alphabet practice word starting with A
aalen,A,CMU Pronouncing Dictionary,easy,Alphabet practice word starting with A
aaliyah,A,CMU Pronouncing Dictionary,medium,Alphabet practice word starting with A
aalseth,A,CMU Pronouncing Dictionary,medium,Alphabet practice word starting with A
aalsmeer,A,CMU Pronouncing Dictionary,hard,Alphabet practice word starting with A
aalto,A,CMU Pronouncing Dictionary,easy,Alphabet practice word starting with A
aamodt,A,CMU Pronouncing Dictionary,medium,Alphabet practice word starting with A
aancor,A,CMU Pronouncing Dictionary,medium,Alphabet practice word starting with A
aardema,A,CMU Pronouncing Dictionary,medium,Alphabet practice word starting with A
aardvark,A,CMU Pronouncing Dictionary,hard,Alphabet practice word starting with A
aardvarks,A,CMU Pronouncing Dictionary,hard,Alphabet practice word starting with A
aargh,A,CMU Pronouncing Dictionary,easy,Alphabet practice word starting with A
aarhus,A,CMU Pronouncing Dictionary,medium,Alphabet practice word starting with A
aaron,A,CMU Pronouncing Dictionary,easy,Alphabet practice word starting with A
aarons,A,CMU Pronouncing Dictionary,medium,Alphabet practice word starting with A
aaronson,A,CMU Pronouncing Dictionary,hard,Alphabet practice word starting with A
aarti,A,CMU Pronouncing Dictionary,easy,Alphabet practice word starting with A
aase,A,CMU Pronouncing Dictionary,easy,Alphabet practice word starting with A
aasen,A,CMU Pronouncing Dictionary,easy,Alphabet practice word starting with A
aba,A,CMU Pronouncing Dictionary,easy,Alphabet practice word starting with A
ababa,A,CMU Pronouncing Dictionary,easy,Alphabet practice word starting with A
abacha,A,CMU Pronouncing Dictionary,medium,Alphabet practice word starting with A
aback,A,CMU Pronouncing Dictionary,easy,Alphabet practice word starting with A
abaco,A,CMU Pronouncing Dictionary,easy,Alphabet practice word starting with A
baa,B,CMU Pronouncing Dictionary,easy,Alphabet practice word starting with B
baab,B,CMU Pronouncing Dictionary,easy,Alphabet practice word starting with B
baack,B,CMU Pronouncing Dictionary,easy,Alphabet practice word starting with B
baade,B,CMU Pronouncing Dictionary,easy,Alphabet practice word starting with B
baalbek,B,CMU Pronouncing Dictionary,medium,Alphabet practice word starting with B
baalbeq,B,CMU Pronouncing Dictionary,medium,Alphabet practice word starting with B
baar,B,CMU Pronouncing Dictionary,easy,Alphabet practice word starting with B
baars,B,CMU Pronouncing Dictionary,easy,Alphabet practice word starting with B
baas,B,CMU Pronouncing Dictionary,easy,Alphabet practice word starting with B
baasch,B,CMU Pronouncing Dictionary,medium,Alphabet practice word starting with B
baatz,B,CMU Pronouncing Dictionary,easy,Alphabet practice word starting with B
bab,B,CMU Pronouncing Dictionary,easy,Alphabet practice word starting with B
baba,B,CMU Pronouncing Dictionary,easy,Alphabet practice word starting with B
babangida,B,CMU Pronouncing Dictionary,hard,Alphabet practice word starting with B
babar,B,CMU Pronouncing Dictionary,easy,Alphabet practice word starting with B
babb,B,CMU Pronouncing Dictionary,easy,Alphabet practice word starting with B
babbage,B,CMU Pronouncing Dictionary,medium,Alphabet practice word starting with B
babbington,B,CMU Pronouncing Dictionary,hard,Alphabet practice word starting with B
babbio,B,CMU Pronouncing Dictionary,medium,Alphabet practice word starting with B
babbit,B,CMU Pronouncing Dictionary,medium,Alphabet practice word starting with B
babbitt,B,CMU Pronouncing Dictionary,medium,Alphabet practice word starting with B
babbitts,B,CMU Pronouncing Dictionary,hard,Alphabet practice word starting with B
babble,B,CMU Pronouncing Dictionary,medium,Alphabet practice word starting with B
babbled,B,CMU Pronouncing Dictionary,medium,Alphabet practice word starting with B
babbler,B,CMU Pronouncing Dictionary,medium,Alphabet practice word starting with B
babblers,B,CMU Pronouncing Dictionary,hard,Alphabet practice word starting with B
babbling,B,CMU Pronouncing Dictionary,hard,Alphabet practice word starting with B
babbs,B,CMU Pronouncing Dictionary,easy,Alphabet practice word starting with B
babcock,B,CMU Pronouncing Dictionary,medium,Alphabet practice word starting with B
babe,B,CMU Pronouncing Dictionary,easy,Alphabet practice word starting with B
caan,C,CMU Pronouncing Dictionary,easy,Alphabet practice word starting with C
cab,C,CMU Pronouncing Dictionary,easy,Alphabet practice word starting with C
caba,C,CMU Pronouncing Dictionary,easy,Alphabet practice word starting with C
cabal,C,CMU Pronouncing Dictionary,easy,Alphabet practice word starting with C
caballero,C,CMU Pronouncing Dictionary,hard,Alphabet practice word starting with C
caban,C,CMU Pronouncing Dictionary,easy,Alphabet practice word starting with C
cabana,C,CMU Pronouncing Dictionary,medium,Alphabet practice word starting with C
cabanas,C,CMU Pronouncing Dictionary,medium,Alphabet practice word starting with C
cabaniss,C,CMU Pronouncing Dictionary,hard,Alphabet practice word starting with C
cabaret,C,CMU Pronouncing Dictionary,medium,Alphabet practice word starting with C
cabarets,C,CMU Pronouncing Dictionary,hard,Alphabet practice word starting with C
cabbage,C,CMU Pronouncing Dictionary,medium,Alphabet practice word starting with C
cabbages,C,CMU Pronouncing Dictionary,hard,Alphabet practice word starting with C
cabbie,C,CMU Pronouncing Dictionary,medium,Alphabet practice word starting with C
cabbies,C,CMU Pronouncing Dictionary,medium,Alphabet practice word starting with C
cabby,C,CMU Pronouncing Dictionary,easy,Alphabet practice word starting with C
cabdriver,C,CMU Pronouncing Dictionary,hard,Alphabet practice word starting with C
cabdrivers,C,CMU Pronouncing Dictionary,hard,Alphabet practice word starting with C
cabe,C,CMU Pronouncing Dictionary,easy,Alphabet practice word starting with C
cabela,C,CMU Pronouncing Dictionary,medium,Alphabet practice word starting with C
cabell,C,CMU Pronouncing Dictionary,medium,Alphabet practice word starting with C
cabello,C,CMU Pronouncing Dictionary,medium,Alphabet practice word starting with C
cabernet,C,CMU Pronouncing Dictionary,hard,Alphabet practice word starting with C
cabernets,C,CMU Pronouncing Dictionary,hard,Alphabet practice word starting with C
cabey,C,CMU Pronouncing Dictionary,easy,Alphabet practice word starting with C
cabezas,C,CMU Pronouncing Dictionary,medium,Alphabet practice word starting with C
cabin,C,CMU Pronouncing Dictionary,easy,Alphabet practice word starting with C
cabinda,C,CMU Pronouncing Dictionary,medium,Alphabet practice word starting with C
cabiness,C,CMU Pronouncing Dictionary,hard,Alphabet practice word starting with C
cabinet,C,CMU Pronouncing Dictionary,medium,Alphabet practice word starting with C
daane,D,CMU Pronouncing Dictionary,easy,Alphabet practice word starting with D
daarmstadt,D,CMU Pronouncing Dictionary,hard,Alphabet practice word starting with D
daas,D,CMU Pronouncing Dictionary,easy,Alphabet practice word starting with D
dab,D,CMU Pronouncing Dictionary,easy,Alphabet practice word starting with D
dabah,D,CMU Pronouncing Dictionary,easy,Alphabet practice word starting with D
dabber,D,CMU Pronouncing Dictionary,medium,Alphabet practice word starting with D
dabbing,D,CMU Pronouncing Dictionary,medium,Alphabet practice word starting with D
dabble,D,CMU Pronouncing Dictionary,medium,Alphabet practice word starting with D
dabbled,D,CMU Pronouncing Dictionary,medium,Alphabet practice word starting with D
dabbles,D,CMU Pronouncing Dictionary,medium,Alphabet practice word starting with D
dabbling,D,CMU Pronouncing Dictionary,hard,Alphabet practice word starting with D
dabbs,D,CMU Pronouncing Dictionary,easy,Alphabet practice word starting with D
dabchick,D,CMU Pronouncing Dictionary,hard,Alphabet practice word starting with D
dabhol,D,CMU Pronouncing Dictionary,medium,Alphabet practice word starting with D
dabkowski,D,CMU Pronouncing Dictionary,hard,Alphabet practice word starting with D
dabney,D,CMU Pronouncing Dictionary,medium,Alphabet practice word starting with D
dabrowski,D,CMU Pronouncing Dictionary,hard,Alphabet practice word starting with D
dac,D,CMU Pronouncing Dictionary,easy,Alphabet practice word starting with D
dace,D,CMU Pronouncing Dictionary,easy,Alphabet practice word starting with D
dacey,D,CMU Pronouncing Dictionary,easy,Alphabet practice word starting with D
dacha,D,CMU Pronouncing Dictionary,easy,Alphabet practice word starting with D
dachau,D,CMU Pronouncing Dictionary,medium,Alphabet practice word starting with D
dachshund,D,CMU Pronouncing Dictionary,hard,Alphabet practice word starting with D
dachshunds,D,CMU Pronouncing Dictionary,hard,Alphabet practice word starting with D
dacia,D,CMU Pronouncing Dictionary,easy,Alphabet practice word starting with D
dack,D,CMU Pronouncing Dictionary,easy,Alphabet practice word starting with D
dacosta,D,CMU Pronouncing Dictionary,medium,Alphabet practice word starting with D
dacquisto,D,CMU Pronouncing Dictionary,hard,Alphabet practice word starting with D
dacron,D,CMU Pronouncing Dictionary,medium,Alphabet practice word starting with D
dacruz,D,CMU Pronouncing Dictionary,medium,Alphabet practice word starting with D
each,E,CMU Pronouncing Dictionary,easy,Alphabet practice word starting with E
eachan,E,CMU Pronouncing Dictionary,medium,Alphabet practice word starting with E
eachus,E,CMU Pronouncing Dictionary,medium,Alphabet practice word starting with E
eaddy,E,CMU Pronouncing Dictionary,easy,Alphabet practice word starting with E
eade,E,CMU Pronouncing Dictionary,easy,Alphabet practice word starting with E
eader,E,CMU Pronouncing Dictionary,easy,Alphabet practice word starting with E
eades,E,CMU Pronouncing Dictionary,easy,Alphabet practice word starting with E
eadie,E,CMU Pronouncing Dictionary,easy,Alphabet practice word starting with E
eads,E,CMU Pronouncing Dictionary,easy,Alphabet practice word starting with E
eady,E,CMU Pronouncing Dictionary,easy,Alphabet practice word starting with E
eagan,E,CMU Pronouncing Dictionary,easy,Alphabet practice word starting with E
eagar,E,CMU Pronouncing Dictionary,easy,Alphabet practice word starting with E
eagen,E,CMU Pronouncing Dictionary,easy,Alphabet practice word starting with E
eager,E,CMU Pronouncing Dictionary,easy,Alphabet practice word starting with E
eagerly,E,CMU Pronouncing Dictionary,medium,Alphabet practice word starting with E
eagerness,E,CMU Pronouncing Dictionary,hard,Alphabet practice word starting with E
eagle,E,CMU Pronouncing Dictionary,easy,Alphabet practice word starting with E
eagles,E,CMU Pronouncing Dictionary,medium,Alphabet practice word starting with E
eagleson,E,CMU Pronouncing Dictionary,hard,Alphabet practice word starting with E
eagleton,E,CMU Pronouncing Dictionary,hard,Alphabet practice word starting with E
eagleye,E,CMU Pronouncing Dictionary,medium,Alphabet practice word starting with E
eaglin,E,CMU Pronouncing Dictionary,medium,Alphabet practice word starting with E
eagon,E,CMU Pronouncing Dictionary,easy,Alphabet practice word starting with E
eaken,E,CMU Pronouncing Dictionary,easy,Alphabet practice word starting with E
eaker,E,CMU Pronouncing Dictionary,easy,Alphabet practice word starting with E
eakes,E,CMU Pronouncing Dictionary,easy,Alphabet practice word starting with E
eakin,E,CMU Pronouncing Dictionary,easy,Alphabet practice word starting with E
eakins,E,CMU Pronouncing Dictionary,medium,Alphabet practice word starting with E
eakle,E,CMU Pronouncing Dictionary,easy,Alphabet practice word starting with E
eales,E,CMU Pronouncing Dictionary,easy,Alphabet practice word starting with E
faal,F,CMU Pronouncing Dictionary,easy,Alphabet practice word starting with F
faas,F,CMU Pronouncing Dictionary,easy,Alphabet practice word starting with F
fab,F,CMU Pronouncing Dictionary,easy,Alphabet practice word starting with F
fabbri,F,CMU Pronouncing Dictionary,medium,Alphabet practice word starting with F
fabel,F,CMU Pronouncing Dictionary,easy,Alphabet practice word starting with F
fabela,F,CMU Pronouncing Dictionary,medium,Alphabet practice word starting with F
faber,F,CMU Pronouncing Dictionary,easy,Alphabet practice word starting with F
faberge,F,CMU Pronouncing Dictionary,medium,Alphabet practice word starting with F
faberman,F,CMU Pronouncing Dictionary,hard,Alphabet practice word starting with F
fabia,F,CMU Pronouncing Dictionary,easy,Alphabet practice word starting with F
fabian,F,CMU Pronouncing Dictionary,medium,Alphabet practice word starting with F
fabiani,F,CMU Pronouncing Dictionary,medium,Alphabet practice word starting with F
fabiano,F,CMU Pronouncing Dictionary,medium,Alphabet practice word starting with F
fabien,F,CMU Pronouncing Dictionary,medium,Alphabet practice word starting with F
fabio,F,CMU Pronouncing Dictionary,easy,Alphabet practice word starting with F
fable,F,CMU Pronouncing Dictionary,easy,Alphabet practice word starting with F
fabled,F,CMU Pronouncing Dictionary,medium,Alphabet practice word starting with F
fables,F,CMU Pronouncing Dictionary,medium,Alphabet practice word starting with F
fabre,F,CMU Pronouncing Dictionary,easy,Alphabet practice word starting with F
fabri,F,CMU Pronouncing Dictionary,easy,Alphabet practice word starting with F
fabric,F,CMU Pronouncing Dictionary,medium,Alphabet practice word starting with F
fabricant,F,CMU Pronouncing Dictionary,hard,Alphabet practice word starting with F
fabricate,F,CMU Pronouncing Dictionary,hard,Alphabet practice word starting with F
fabricated,F,CMU Pronouncing Dictionary,hard,Alphabet practice word starting with F
fabricates,F,CMU Pronouncing Dictionary,hard,Alphabet practice word starting with F
fabricator,F,CMU Pronouncing Dictionary,hard,Alphabet practice word starting with F
fabrics,F,CMU Pronouncing Dictionary,medium,Alphabet practice word starting with F
fabris,F,CMU Pronouncing Dictionary,medium,Alphabet practice word starting with F
fabrizi,F,CMU Pronouncing Dictionary,medium,Alphabet practice word starting with F
fabrizio,F,CMU Pronouncing Dictionary,hard,Alphabet practice word starting with F
gaal,G,CMU Pronouncing Dictionary,easy,Alphabet practice word starting with G
gaar,G,CMU Pronouncing Dictionary,easy,Alphabet practice word starting with G
gaarder,G,CMU Pronouncing Dictionary,medium,Alphabet practice word starting with G
gab,G,CMU Pronouncing Dictionary,easy,Alphabet practice word starting with G
gaba,G,CMU Pronouncing Dictionary,easy,Alphabet practice word starting with G
gabaldon,G,CMU Pronouncing Dictionary,hard,Alphabet practice word starting with G
gabardine,G,CMU Pronouncing Dictionary,hard,Alphabet practice word starting with G
gabardines,G,CMU Pronouncing Dictionary,hard,Alphabet practice word starting with G
gabay,G,CMU Pronouncing Dictionary,easy,Alphabet practice word starting with G
gabbard,G,CMU Pronouncing Dictionary,medium,Alphabet practice word starting with G
gabbert,G,CMU Pronouncing Dictionary,medium,Alphabet practice word starting with G
gabbing,G,CMU Pronouncing Dictionary,medium,Alphabet practice word starting with G
gabbro,G,CMU Pronouncing Dictionary,medium,Alphabet practice word starting with G
gabbroic,G,CMU Pronouncing Dictionary,hard,Alphabet practice word starting with G
gabby,G,CMU Pronouncing Dictionary,easy,Alphabet practice word starting with G
gabe,G,CMU Pronouncing Dictionary,easy,Alphabet practice word starting with G
gabehart,G,CMU Pronouncing Dictionary,hard,Alphabet practice word starting with G
gabeira,G,CMU Pronouncing Dictionary,medium,Alphabet practice word starting with G
gabel,G,CMU Pronouncing Dictionary,easy,Alphabet practice word starting with G
gabele,G,CMU Pronouncing Dictionary,medium,Alphabet practice word starting with G
gabelli,G,CMU Pronouncing Dictionary,medium,Alphabet practice word starting with G
gaber,G,CMU Pronouncing Dictionary,easy,Alphabet practice word starting with G
gabert,G,CMU Pronouncing Dictionary,medium,Alphabet practice word starting with G
gabhart,G,CMU Pronouncing Dictionary,medium,Alphabet practice word starting with G
gabie,G,CMU Pronouncing Dictionary,easy,Alphabet practice word starting with G
gable,G,CMU Pronouncing Dictionary,easy,Alphabet practice word starting with G
gabled,G,CMU Pronouncing Dictionary,medium,Alphabet practice word starting with G
gabler,G,CMU Pronouncing Dictionary,medium,Alphabet practice word starting with G
gables,G,CMU Pronouncing Dictionary,medium,Alphabet practice word starting with G
gabon,G,CMU Pronouncing Dictionary,easy,Alphabet practice word starting with G
haab,H,CMU Pronouncing Dictionary,easy,Alphabet practice word starting with H
haack,H,CMU Pronouncing Dictionary,easy,Alphabet practice word starting with H
haacke,H,CMU Pronouncing Dictionary,medium,Alphabet practice word starting with H
haaf,H,CMU Pronouncing Dictionary,easy,Alphabet practice word starting with H
haag,H,CMU Pronouncing Dictionary,easy,Alphabet practice word starting with H
haagen,H,CMU Pronouncing Dictionary,medium,Alphabet practice word starting with H
haagenson,H,CMU Pronouncing Dictionary,hard,Alphabet practice word starting with H
haak,H,CMU Pronouncing Dictionary,easy,Alphabet practice word starting with H
haake,H,CMU Pronouncing Dictionary,easy,Alphabet practice word starting with H
haakenson,H,CMU Pronouncing Dictionary,hard,Alphabet practice word starting with H
haaland,H,CMU Pronouncing Dictionary,medium,Alphabet practice word starting with H
haan,H,CMU Pronouncing Dictionary,easy,Alphabet practice word starting with H
haapala,H,CMU Pronouncing Dictionary,medium,Alphabet practice word starting with H
haar,H,CMU Pronouncing Dictionary,easy,Alphabet practice word starting with H
haas,H,CMU Pronouncing Dictionary,easy,Alphabet practice word starting with H
haase,H,CMU Pronouncing Dictionary,easy,Alphabet practice word starting with H
haass,H,CMU Pronouncing Dictionary,easy,Alphabet practice word starting with H
haavelmo,H,CMU Pronouncing Dictionary,hard,Alphabet practice word starting with H
habben,H,CMU Pronouncing Dictionary,medium,Alphabet practice word starting with H
habeas,H,CMU Pronouncing Dictionary,medium,Alphabet practice word starting with H
habeck,H,CMU Pronouncing Dictionary,medium,Alphabet practice word starting with H
habecker,H,CMU Pronouncing Dictionary,hard,Alphabet practice word starting with H
habeeb,H,CMU Pronouncing Dictionary,medium,Alphabet practice word starting with H
habegger,H,CMU Pronouncing Dictionary,hard,Alphabet practice word starting with H
habel,H,CMU Pronouncing Dictionary,easy,Alphabet practice word starting with H
habenicht,H,CMU Pronouncing Dictionary,hard,Alphabet practice word starting with H
haber,H,CMU Pronouncing Dictionary,easy,Alphabet practice word starting with H
haberer,H,CMU Pronouncing Dictionary,medium,Alphabet practice word starting with H
haberkorn,H,CMU Pronouncing Dictionary,hard,Alphabet practice word starting with H
haberl,H,CMU Pronouncing Dictionary,medium,Alphabet practice word starting with H
iacobelli,I,CMU Pronouncing Dictionary,hard,Alphabet practice word starting with I
iacobellis,I,CMU Pronouncing Dictionary,hard,Alphabet practice word starting with I
iacobucci,I,CMU Pronouncing Dictionary,hard,Alphabet practice word starting with I
iacocca,I,CMU Pronouncing Dictionary,medium,Alphabet practice word starting with I
iacona,I,CMU Pronouncing Dictionary,medium,Alphabet practice word starting with I
iacono,I,CMU Pronouncing Dictionary,medium,Alphabet practice word starting with I
iacovelli,I,CMU Pronouncing Dictionary,hard,Alphabet practice word starting with I
iafrate,I,CMU Pronouncing Dictionary,medium,Alphabet practice word starting with I
iago,I,CMU Pronouncing Dictionary,easy,Alphabet practice word starting with I
iain,I,CMU Pronouncing Dictionary,easy,Alphabet practice word starting with I
iakovos,I,CMU Pronouncing Dictionary,medium,Alphabet practice word starting with I
ialla,I,CMU Pronouncing Dictionary,easy,Alphabet practice word starting with I
iams,I,CMU Pronouncing Dictionary,easy,Alphabet practice word starting with I
ian,I,CMU Pronouncing Dictionary,easy,Alphabet practice word starting with I
iannaccone,I,CMU Pronouncing Dictionary,hard,Alphabet practice word starting with I
iannacone,I,CMU Pronouncing Dictionary,hard,Alphabet practice word starting with I
iannamico,I,CMU Pronouncing Dictionary,hard,Alphabet practice word starting with I
iannelli,I,CMU Pronouncing Dictionary,hard,Alphabet practice word starting with I
iannello,I,CMU Pronouncing Dictionary,hard,Alphabet practice word starting with I
ianni,I,CMU Pronouncing Dictionary,easy,Alphabet practice word starting with I
ianniello,I,CMU Pronouncing Dictionary,hard,Alphabet practice word starting with I
iannone,I,CMU Pronouncing Dictionary,medium,Alphabet practice word starting with I
iannotti,I,CMU Pronouncing Dictionary,hard,Alphabet practice word starting with I
iannucci,I,CMU Pronouncing Dictionary,hard,Alphabet practice word starting with I
iannuzzi,I,CMU Pronouncing Dictionary,hard,Alphabet practice word starting with I
ianovski,I,CMU Pronouncing Dictionary,hard,Alphabet practice word starting with I
iantha,I,CMU Pronouncing Dictionary,medium,Alphabet practice word starting with I
ianthe,I,CMU Pronouncing Dictionary,medium,Alphabet practice word starting with I
ianthina,I,CMU Pronouncing Dictionary,hard,Alphabet practice word starting with I
iason,I,CMU Pronouncing Dictionary,easy,Alphabet practice word starting with I
jaan,J,CMU Pronouncing Dictionary,easy,Alphabet practice word starting with J
jab,J,CMU Pronouncing Dictionary,easy,Alphabet practice word starting with J
jabah,J,CMU Pronouncing Dictionary,easy,Alphabet practice word starting with J
jabaliya,J,CMU Pronouncing Dictionary,hard,Alphabet practice word starting with J
jabar,J,CMU Pronouncing Dictionary,easy,Alphabet practice word starting with J
jabbar,J,CMU Pronouncing Dictionary,medium,Alphabet practice word starting with J
jabbed,J,CMU Pronouncing Dictionary,medium,Alphabet practice word starting with J
jabbing,J,CMU Pronouncing Dictionary,medium,Alphabet practice word starting with J
jabbour,J,CMU Pronouncing Dictionary,medium,Alphabet practice word starting with J
jaber,J,CMU Pronouncing Dictionary,easy,Alphabet practice word starting with J
jablon,J,CMU Pronouncing Dictionary,medium,Alphabet practice word starting with J
jablonski,J,CMU Pronouncing Dictionary,hard,Alphabet practice word starting with J
jablonsky,J,CMU Pronouncing Dictionary,hard,Alphabet practice word starting with J
jabril,J,CMU Pronouncing Dictionary,medium,Alphabet practice word starting with J
jabs,J,CMU Pronouncing Dictionary,easy,Alphabet practice word starting with J
jac,J,CMU Pronouncing Dictionary,easy,Alphabet practice word starting with J
jacek,J,CMU Pronouncing Dictionary,easy,Alphabet practice word starting with J
jachim,J,CMU Pronouncing Dictionary,medium,Alphabet practice word starting with J
jacinda,J,CMU Pronouncing Dictionary,medium,Alphabet practice word starting with J
jacinta,J,CMU Pronouncing Dictionary,medium,Alphabet practice word starting with J
jacinth,J,CMU Pronouncing Dictionary,medium,Alphabet practice word starting with J
jacintha,J,CMU Pronouncing Dictionary,hard,Alphabet practice word starting with J
jacinthe,J,CMU Pronouncing Dictionary,hard,Alphabet practice word starting with J
jacinto,J,CMU Pronouncing Dictionary,medium,Alphabet practice word starting with J
jack,J,CMU Pronouncing Dictionary,easy,Alphabet practice word starting with J
jacka,J,CMU Pronouncing Dictionary,easy,Alphabet practice word starting with J
jackal,J,CMU Pronouncing Dictionary,medium,Alphabet practice word starting with J
jackass,J,CMU Pronouncing Dictionary,medium,Alphabet practice word starting with J
jacked,J,CMU Pronouncing Dictionary,medium,Alphabet practice word starting with J
jackel,J,CMU Pronouncing Dictionary,medium,Alphabet practice word starting with J
kaas,K,CMU Pronouncing Dictionary,easy,Alphabet practice word starting with K
kaatz,K,CMU Pronouncing Dictionary,easy,Alphabet practice word starting with K
kabart,K,CMU Pronouncing Dictionary,medium,Alphabet practice word starting with K
kabat,K,CMU Pronouncing Dictionary,easy,Alphabet practice word starting with K
kabbah,K,CMU Pronouncing Dictionary,medium,Alphabet practice word starting with K
kabbalah,K,CMU Pronouncing Dictionary,hard,Alphabet practice word starting with K
kabbani,K,CMU Pronouncing Dictionary,medium,Alphabet practice word starting with K
kabel,K,CMU Pronouncing Dictionary,easy,Alphabet practice word starting with K
kabi,K,CMU Pronouncing Dictionary,easy,Alphabet practice word starting with K
kabila,K,CMU Pronouncing Dictionary,medium,Alphabet practice word starting with K
kabivitrum,K,CMU Pronouncing Dictionary,hard,Alphabet practice word starting with K
kable,K,CMU Pronouncing Dictionary,easy,Alphabet practice word starting with K
kabler,K,CMU Pronouncing Dictionary,medium,Alphabet practice word starting with K
kaboom,K,CMU Pronouncing Dictionary,medium,Alphabet practice word starting with K
kabral,K,CMU Pronouncing Dictionary,medium,Alphabet practice word starting with K
kabuki,K,CMU Pronouncing Dictionary,medium,Alphabet practice word starting with K
kabul,K,CMU Pronouncing Dictionary,easy,Alphabet practice word starting with K
kacer,K,CMU Pronouncing Dictionary,easy,Alphabet practice word starting with K
kach,K,CMU Pronouncing Dictionary,easy,Alphabet practice word starting with K
kachel,K,CMU Pronouncing Dictionary,medium,Alphabet practice word starting with K
kachigian,K,CMU Pronouncing Dictionary,hard,Alphabet practice word starting with K
kachmar,K,CMU Pronouncing Dictionary,medium,Alphabet practice word starting with K
kachuck,K,CMU Pronouncing Dictionary,medium,Alphabet practice word starting with K
kachur,K,CMU Pronouncing Dictionary,medium,Alphabet practice word starting with K
kackley,K,CMU Pronouncing Dictionary,medium,Alphabet practice word starting with K
kaczmarek,K,CMU Pronouncing Dictionary,hard,Alphabet practice word starting with K
kaczmarski,K,CMU Pronouncing Dictionary,hard,Alphabet practice word starting with K
kaczor,K,CMU Pronouncing Dictionary,medium,Alphabet practice word starting with K
kaczynski,K,CMU Pronouncing Dictionary,hard,Alphabet practice word starting with K
kadar,K,CMU Pronouncing Dictionary,easy,Alphabet practice word starting with K
laabs,L,CMU Pronouncing Dictionary,easy,Alphabet practice word starting with L
laack,L,CMU Pronouncing Dictionary,easy,Alphabet practice word starting with L
laaco,L,CMU Pronouncing Dictionary,easy,Alphabet practice word starting with L
laake,L,CMU Pronouncing Dictionary,easy,Alphabet practice word starting with L
laakso,L,CMU Pronouncing Dictionary,medium,Alphabet practice word starting with L
laas,L,CMU Pronouncing Dictionary,easy,Alphabet practice word starting with L
laatsch,L,CMU Pronouncing Dictionary,medium,Alphabet practice word starting with L
lab,L,CMU Pronouncing Dictionary,easy,Alphabet practice word starting with L
laba,L,CMU Pronouncing Dictionary,easy,Alphabet practice word starting with L
labadie,L,CMU Pronouncing Dictionary,medium,Alphabet practice word starting with L
laban,L,CMU Pronouncing Dictionary,easy,Alphabet practice word starting with L
laband,L,CMU Pronouncing Dictionary,medium,Alphabet practice word starting with L
labant,L,CMU Pronouncing Dictionary,medium,Alphabet practice word starting with L
labar,L,CMU Pronouncing Dictionary,easy,Alphabet practice word starting with L
labarbera,L,CMU Pronouncing Dictionary,hard,Alphabet practice word starting with L
labarge,L,CMU Pronouncing Dictionary,medium,Alphabet practice word starting with L
labarr,L,CMU Pronouncing Dictionary,medium,Alphabet practice word starting with L
labarre,L,CMU Pronouncing Dictionary,medium,Alphabet practice word starting with L
labat,L,CMU Pronouncing Dictionary,easy,Alphabet practice word starting with L
labate,L,CMU Pronouncing Dictionary,medium,Alphabet practice word starting with L
labaton,L,CMU Pronouncing Dictionary,medium,Alphabet practice word starting with L
labatt,L,CMU Pronouncing Dictionary,medium,Alphabet practice word starting with L
labauve,L,CMU Pronouncing Dictionary,medium,Alphabet practice word starting with L
labay,L,CMU Pronouncing Dictionary,easy,Alphabet practice word starting with L
labbe,L,CMU Pronouncing Dictionary,easy,Alphabet practice word starting with L
labe,L,CMU Pronouncing Dictionary,easy,Alphabet practice word starting with L
labeau,L,CMU Pronouncing Dictionary,medium,Alphabet practice word starting with L
label,L,CMU Pronouncing Dictionary,easy,Alphabet practice word starting with L
labeled,L,CMU Pronouncing Dictionary,medium,Alphabet practice word starting with L
labeling,L,CMU Pronouncing Dictionary,hard,Alphabet practice word starting with L
maack,M,CMU Pronouncing Dictionary,easy,Alphabet practice word starting with M
maaco,M,CMU Pronouncing Dictionary,easy,Alphabet practice word starting with M
maag,M,CMU Pronouncing Dictionary,easy,Alphabet practice word starting with M
maahs,M,CMU Pronouncing Dictionary,easy,Alphabet practice word starting with M
maalox,M,CMU Pronouncing Dictionary,medium,Alphabet practice word starting with M
maam,M,CMU Pronouncing Dictionary,easy,Alphabet practice word starting with M
maariv,M,CMU Pronouncing Dictionary,medium,Alphabet practice word starting with M
maas,M,CMU Pronouncing Dictionary,easy,Alphabet practice word starting with M
maass,M,CMU Pronouncing Dictionary,easy,Alphabet practice word starting with M
maassen,M,CMU Pronouncing Dictionary,medium,Alphabet practice word starting with M
maastricht,M,CMU Pronouncing Dictionary,hard,Alphabet practice word starting with M
mab,M,CMU Pronouncing Dictionary,easy,Alphabet practice word starting with M
mabe,M,CMU Pronouncing Dictionary,easy,Alphabet practice word starting with M
mabee,M,CMU Pronouncing Dictionary,easy,Alphabet practice word starting with M
mabel,M,CMU Pronouncing Dictionary,easy,Alphabet practice word starting with M
mabelle,M,CMU Pronouncing Dictionary,medium,Alphabet practice word starting with M
maben,M,CMU Pronouncing Dictionary,easy,Alphabet practice word starting with M
maberry,M,CMU Pronouncing Dictionary,medium,Alphabet practice word starting with M
mabery,M,CMU Pronouncing Dictionary,medium,Alphabet practice word starting with M
mabey,M,CMU Pronouncing Dictionary,easy,Alphabet practice word starting with M
mabie,M,CMU Pronouncing Dictionary,easy,Alphabet practice word starting with M
mabile,M,CMU Pronouncing Dictionary,medium,Alphabet practice word starting with M
mabin,M,CMU Pronouncing Dictionary,easy,Alphabet practice word starting with M
mabis,M,CMU Pronouncing Dictionary,easy,Alphabet practice word starting with M
mable,M,CMU Pronouncing Dictionary,easy,Alphabet practice word starting with M
mabley,M,CMU Pronouncing Dictionary,medium,Alphabet practice word starting with M
mabon,M,CMU Pronouncing Dictionary,easy,Alphabet practice word starting with M
mabrey,M,CMU Pronouncing Dictionary,medium,Alphabet practice word starting with M
mabry,M,CMU Pronouncing Dictionary,easy,Alphabet practice word starting with M
mabus,M,CMU Pronouncing Dictionary,easy,Alphabet practice word starting with M
naab,N,CMU Pronouncing Dictionary,easy,Alphabet practice word starting with N
naacp,N,CMU Pronouncing Dictionary,easy,Alphabet practice word starting with N
naan,N,CMU Pronouncing Dictionary,easy,Alphabet practice word starting with N
naas,N,CMU Pronouncing Dictionary,easy,Alphabet practice word starting with N
nab,N,CMU Pronouncing Dictionary,easy,Alphabet practice word starting with N
nabb,N,CMU Pronouncing Dictionary,easy,Alphabet practice word starting with N
nabbed,N,CMU Pronouncing Dictionary,medium,Alphabet practice word starting with N
nabbing,N,CMU Pronouncing Dictionary,medium,Alphabet practice word starting with N
naber,N,CMU Pronouncing Dictionary,easy,Alphabet practice word starting with N
nabers,N,CMU Pronouncing Dictionary,medium,Alphabet practice word starting with N
nabi,N,CMU Pronouncing Dictionary,easy,Alphabet practice word starting with N
nabil,N,CMU Pronouncing Dictionary,easy,Alphabet practice word starting with N
nabisco,N,CMU Pronouncing Dictionary,medium,Alphabet practice word starting with N
nablus,N,CMU Pronouncing Dictionary,medium,Alphabet practice word starting with N
nabob,N,CMU Pronouncing Dictionary,easy,Alphabet practice word starting with N
nabobs,N,CMU Pronouncing Dictionary,medium,Alphabet practice word starting with N
nabokov,N,CMU Pronouncing Dictionary,medium,Alphabet practice word starting with N
nabors,N,CMU Pronouncing Dictionary,medium,Alphabet practice word starting with N
nabozny,N,CMU Pronouncing Dictionary,medium,Alphabet practice word starting with N
nabretta,N,CMU Pronouncing Dictionary,hard,Alphabet practice word starting with N
nabs,N,CMU Pronouncing Dictionary,easy,Alphabet practice word starting with N
naccarato,N,CMU Pronouncing Dictionary,hard,Alphabet practice word starting with N
nacchio,N,CMU Pronouncing Dictionary,medium,Alphabet practice word starting with N
nacco,N,CMU Pronouncing Dictionary,easy,Alphabet practice word starting with N
nace,N,CMU Pronouncing Dictionary,easy,Alphabet practice word starting with N
nachbar,N,CMU Pronouncing Dictionary,medium,Alphabet practice word starting with N
nachman,N,CMU Pronouncing Dictionary,medium,Alphabet practice word starting with N
nachmany,N,CMU Pronouncing Dictionary,hard,Alphabet practice word starting with N
nacho,N,CMU Pronouncing Dictionary,easy,Alphabet practice word starting with N
nachos,N,CMU Pronouncing Dictionary,medium,Alphabet practice word starting with N
oad,O,CMU Pronouncing Dictionary,easy,Alphabet practice word starting with O
oahu,O,CMU Pronouncing Dictionary,easy,Alphabet practice word starting with O
oak,O,CMU Pronouncing Dictionary,easy,Alphabet practice word starting with O
oakar,O,CMU Pronouncing Dictionary,easy,Alphabet practice word starting with O
oakbrook,O,CMU Pronouncing Dictionary,hard,Alphabet practice word starting with O
oakdale,O,CMU Pronouncing Dictionary,medium,Alphabet practice word starting with O
oakes,O,CMU Pronouncing Dictionary,easy,Alphabet practice word starting with O
oakey,O,CMU Pronouncing Dictionary,easy,Alphabet practice word starting with O
oakite,O,CMU Pronouncing Dictionary,medium,Alphabet practice word starting with O
oakland,O,CMU Pronouncing Dictionary,medium,Alphabet practice word starting with O
oakleaf,O,CMU Pronouncing Dictionary,medium,Alphabet practice word starting with O
oakley,O,CMU Pronouncing Dictionary,medium,Alphabet practice word starting with O
oakman,O,CMU Pronouncing Dictionary,medium,Alphabet practice word starting with O
oakmark,O,CMU Pronouncing Dictionary,medium,Alphabet practice word starting with O
oakmont,O,CMU Pronouncing Dictionary,medium,Alphabet practice word starting with O
oakridge,O,CMU Pronouncing Dictionary,hard,Alphabet practice word starting with O
oaks,O,CMU Pronouncing Dictionary,easy,Alphabet practice word starting with O
oakville,O,CMU Pronouncing Dictionary,hard,Alphabet practice word starting with O
oakwood,O,CMU Pronouncing Dictionary,medium,Alphabet practice word starting with O
oaky,O,CMU Pronouncing Dictionary,easy,Alphabet practice word starting with O
oana,O,CMU Pronouncing Dictionary,easy,Alphabet practice word starting with O
oanh,O,CMU Pronouncing Dictionary,easy,Alphabet practice word starting with O
oar,O,CMU Pronouncing Dictionary,easy,Alphabet practice word starting with O
oared,O,CMU Pronouncing Dictionary,easy,Alphabet practice word starting with O
oarlock,O,CMU Pronouncing Dictionary,medium,Alphabet practice word starting with O
oars,O,CMU Pronouncing Dictionary,easy,Alphabet practice word starting with O
oarsman,O,CMU Pronouncing Dictionary,medium,Alphabet practice word starting with O
oas,O,CMU Pronouncing Dictionary,easy,Alphabet practice word starting with O
oases,O,CMU Pronouncing Dictionary,easy,Alphabet practice word starting with O
oasis,O,CMU Pronouncing Dictionary,easy,Alphabet practice word starting with O
paap,P,CMU Pronouncing Dictionary,easy,Alphabet practice word starting with P
paape,P,CMU Pronouncing Dictionary,easy,Alphabet practice word starting with P
paar,P,CMU Pronouncing Dictionary,easy,Alphabet practice word starting with P
paasch,P,CMU Pronouncing Dictionary,medium,Alphabet practice word starting with P
paavola,P,CMU Pronouncing Dictionary,medium,Alphabet practice word starting with P
pablo,P,CMU Pronouncing Dictionary,easy,Alphabet practice word starting with P
pablum,P,CMU Pronouncing Dictionary,medium,Alphabet practice word starting with P
pabon,P,CMU Pronouncing Dictionary,easy,Alphabet practice word starting with P
pabst,P,CMU Pronouncing Dictionary,easy,Alphabet practice word starting with P
pac,P,CMU Pronouncing Dictionary,easy,Alphabet practice word starting with P
paca,P,CMU Pronouncing Dictionary,easy,Alphabet practice word starting with P
paccar,P,CMU Pronouncing Dictionary,medium,Alphabet practice word starting with P
paccione,P,CMU Pronouncing Dictionary,hard,Alphabet practice word starting with P
pace,P,CMU Pronouncing Dictionary,easy,Alphabet practice word starting with P
paced,P,CMU Pronouncing Dictionary,easy,Alphabet practice word starting with P
pacella,P,CMU Pronouncing Dictionary,medium,Alphabet practice word starting with P
pacelli,P,CMU Pronouncing Dictionary,medium,Alphabet practice word starting with P
pacemaker,P,CMU Pronouncing Dictionary,hard,Alphabet practice word starting with P
pacemakers,P,CMU Pronouncing Dictionary,hard,Alphabet practice word starting with P
pacer,P,CMU Pronouncing Dictionary,easy,Alphabet practice word starting with P
pacers,P,CMU Pronouncing Dictionary,medium,Alphabet practice word starting with P
paces,P,CMU Pronouncing Dictionary,easy,Alphabet practice word starting with P
pacesetter,P,CMU Pronouncing Dictionary,hard,Alphabet practice word starting with P
paceway,P,CMU Pronouncing Dictionary,medium,Alphabet practice word starting with P
pacey,P,CMU Pronouncing Dictionary,easy,Alphabet practice word starting with P
pacheco,P,CMU Pronouncing Dictionary,medium,Alphabet practice word starting with P
pachinko,P,CMU Pronouncing Dictionary,hard,Alphabet practice word starting with P
pacholder,P,CMU Pronouncing Dictionary,hard,Alphabet practice word starting with P
pacholski,P,CMU Pronouncing Dictionary,hard,Alphabet practice word starting with P
pachter,P,CMU Pronouncing Dictionary,medium,Alphabet practice word starting with P
qaeda,Q,CMU Pronouncing Dictionary,easy,Alphabet practice word starting with Q
qana,Q,CMU Pronouncing Dictionary,easy,Alphabet practice word starting with Q
qantas,Q,CMU Pronouncing Dictionary,medium,Alphabet practice word starting with Q
qasr,Q,CMU Pronouncing Dictionary,easy,Alphabet practice word starting with Q
qatar,Q,CMU Pronouncing Dictionary,easy,Alphabet practice word starting with Q
qawi,Q,CMU Pronouncing Dictionary,easy,Alphabet practice word starting with Q
qian,Q,CMU Pronouncing Dictionary,easy,Alphabet practice word starting with Q
qiao,Q,CMU Pronouncing Dictionary,easy,Alphabet practice word starting with Q
qiaotou,Q,CMU Pronouncing Dictionary,medium,Alphabet practice word starting with Q
qichen,Q,CMU Pronouncing Dictionary,medium,Alphabet practice word starting with Q
qin,Q,CMU Pronouncing Dictionary,easy,Alphabet practice word starting with Q
qing,Q,CMU Pronouncing Dictionary,easy,Alphabet practice word starting with Q
qingdao,Q,CMU Pronouncing Dictionary,medium,Alphabet practice word starting with Q
qingming,Q,CMU Pronouncing Dictionary,hard,Alphabet practice word starting with Q
qintex,Q,CMU Pronouncing Dictionary,medium,Alphabet practice word starting with Q
qiryat,Q,CMU Pronouncing Dictionary,medium,Alphabet practice word starting with Q
qmax,Q,CMU Pronouncing Dictionary,easy,Alphabet practice word starting with Q
qom,Q,CMU Pronouncing Dictionary,easy,Alphabet practice word starting with Q
qua,Q,CMU Pronouncing Dictionary,easy,Alphabet practice word starting with Q
quach,Q,CMU Pronouncing Dictionary,easy,Alphabet practice word starting with Q
quack,Q,CMU Pronouncing Dictionary,easy,Alphabet practice word starting with Q
quackery,Q,CMU Pronouncing Dictionary,hard,Alphabet practice word starting with Q
quacks,Q,CMU Pronouncing Dictionary,medium,Alphabet practice word starting with Q
quad,Q,CMU Pronouncing Dictionary,easy,Alphabet practice word starting with Q
quade,Q,CMU Pronouncing Dictionary,easy,Alphabet practice word starting with Q
quadra,Q,CMU Pronouncing Dictionary,medium,Alphabet practice word starting with Q
quadrant,Q,CMU Pronouncing Dictionary,hard,Alphabet practice word starting with Q
quadratic,Q,CMU Pronouncing Dictionary,hard,Alphabet practice word starting with Q
quadrex,Q,CMU Pronouncing Dictionary,medium,Alphabet practice word starting with Q
quadriceps,Q,CMU Pronouncing Dictionary,hard,Alphabet practice word starting with Q
raab,R,CMU Pronouncing Dictionary,easy,Alphabet practice word starting with R
raabe,R,CMU Pronouncing Dictionary,easy,Alphabet practice word starting with R
raad,R,CMU Pronouncing Dictionary,easy,Alphabet practice word starting with R
raap,R,CMU Pronouncing Dictionary,easy,Alphabet practice word starting with R
raasch,R,CMU Pronouncing Dictionary,medium,Alphabet practice word starting with R
raatz,R,CMU Pronouncing Dictionary,easy,Alphabet practice word starting with R
rab,R,CMU Pronouncing Dictionary,easy,Alphabet practice word starting with R
rabago,R,CMU Pronouncing Dictionary,medium,Alphabet practice word starting with R
rabalais,R,CMU Pronouncing Dictionary,hard,Alphabet practice word starting with R
rabb,R,CMU Pronouncing Dictionary,easy,Alphabet practice word starting with R
rabbani,R,CMU Pronouncing Dictionary,medium,Alphabet practice word starting with R
rabbi,R,CMU Pronouncing Dictionary,easy,Alphabet practice word starting with R
rabbinic,R,CMU Pronouncing Dictionary,hard,Alphabet practice word starting with R
rabbinical,R,CMU Pronouncing Dictionary,hard,Alphabet practice word starting with R
rabbis,R,CMU Pronouncing Dictionary,medium,Alphabet practice word starting with R
rabbit,R,CMU Pronouncing Dictionary,medium,Alphabet practice word starting with R
rabbitears,R,CMU Pronouncing Dictionary,hard,Alphabet practice word starting with R
rabbitlike,R,CMU Pronouncing Dictionary,hard,Alphabet practice word starting with R
rabbits,R,CMU Pronouncing Dictionary,medium,Alphabet practice word starting with R
rabbitt,R,CMU Pronouncing Dictionary,medium,Alphabet practice word starting with R
rabble,R,CMU Pronouncing Dictionary,medium,Alphabet practice word starting with R
rabe,R,CMU Pronouncing Dictionary,easy,Alphabet practice word starting with R
rabel,R,CMU Pronouncing Dictionary,easy,Alphabet practice word starting with R
raben,R,CMU Pronouncing Dictionary,easy,Alphabet practice word starting with R
rabenold,R,CMU Pronouncing Dictionary,hard,Alphabet practice word starting with R
raber,R,CMU Pronouncing Dictionary,easy,Alphabet practice word starting with R
rabes,R,CMU Pronouncing Dictionary,easy,Alphabet practice word starting with R
rabey,R,CMU Pronouncing Dictionary,easy,Alphabet practice word starting with R
rabi,R,CMU Pronouncing Dictionary,easy,Alphabet practice word starting with R
rabid,R,CMU Pronouncing Dictionary,easy,Alphabet practice word starting with R
saab,S,CMU Pronouncing Dictionary,easy,Alphabet practice word starting with S
saad,S,CMU Pronouncing Dictionary,easy,Alphabet practice word starting with S
saal,S,CMU Pronouncing Dictionary,easy,Alphabet practice word starting with S
saam,S,CMU Pronouncing Dictionary,easy,Alphabet practice word starting with S
saamstaan,S,CMU Pronouncing Dictionary,hard,Alphabet practice word starting with S
saar,S,CMU Pronouncing Dictionary,easy,Alphabet practice word starting with S
saari,S,CMU Pronouncing Dictionary,easy,Alphabet practice word starting with S
saarinen,S,CMU Pronouncing Dictionary,hard,Alphabet practice word starting with S
saas,S,CMU Pronouncing Dictionary,easy,Alphabet practice word starting with S
saatchi,S,CMU Pronouncing Dictionary,medium,Alphabet practice word starting with S
saathoff,S,CMU Pronouncing Dictionary,hard,Alphabet practice word starting with S
saavedra,S,CMU Pronouncing Dictionary,hard,Alphabet practice word starting with S
saba,S,CMU Pronouncing Dictionary,easy,Alphabet practice word starting with S
sabah,S,CMU Pronouncing Dictionary,easy,Alphabet practice word starting with S
sabala,S,CMU Pronouncing Dictionary,medium,Alphabet practice word starting with S
sabalan,S,CMU Pronouncing Dictionary,medium,Alphabet practice word starting with S
saban,S,CMU Pronouncing Dictionary,easy,Alphabet practice word starting with S
sabas,S,CMU Pronouncing Dictionary,easy,Alphabet practice word starting with S
sabat,S,CMU Pronouncing Dictionary,easy,Alphabet practice word starting with S
sabatine,S,CMU Pronouncing Dictionary,hard,Alphabet practice word starting with S
sabatini,S,CMU Pronouncing Dictionary,hard,Alphabet practice word starting with S
sabatino,S,CMU Pronouncing Dictionary,hard,Alphabet practice word starting with S
sabatista,S,CMU Pronouncing Dictionary,hard,Alphabet practice word starting with S
sabatistas,S,CMU Pronouncing Dictionary,hard,Alphabet practice word starting with S
sabatka,S,CMU Pronouncing Dictionary,medium,Alphabet practice word starting with S
sabato,S,CMU Pronouncing Dictionary,medium,Alphabet practice word starting with S
sabaudia,S,CMU Pronouncing Dictionary,hard,Alphabet practice word starting with S
sabb,S,CMU Pronouncing Dictionary,easy,Alphabet practice word starting with S
sabbagh,S,CMU Pronouncing Dictionary,medium,Alphabet practice word starting with S
sabbath,S,CMU Pronouncing Dictionary,medium,Alphabet practice word starting with S
taaffe,T,CMU Pronouncing Dictionary,medium,Alphabet practice word starting with T
tab,T,CMU Pronouncing Dictionary,easy,Alphabet practice word starting with T
tabacalera,T,CMU Pronouncing Dictionary,hard,Alphabet practice word starting with T
tabachneck,T,CMU Pronouncing Dictionary,hard,Alphabet practice word starting with T
tabak,T,CMU Pronouncing Dictionary,easy,Alphabet practice word starting with T
tabaka,T,CMU Pronouncing Dictionary,medium,Alphabet practice word starting with T
tabar,T,CMU Pronouncing Dictionary,easy,Alphabet practice word starting with T
tabares,T,CMU Pronouncing Dictionary,medium,Alphabet practice word starting with T
tabasco,T,CMU Pronouncing Dictionary,medium,Alphabet practice word starting with T
tabb,T,CMU Pronouncing Dictionary,easy,Alphabet practice word starting with T
tabbert,T,CMU Pronouncing Dictionary,medium,Alphabet practice word starting with T
tabbing,T,CMU Pronouncing Dictionary,medium,Alphabet practice word starting with T
tabbouleh,T,CMU Pronouncing Dictionary,hard,Alphabet practice word starting with T
tabby,T,CMU Pronouncing Dictionary,easy,Alphabet practice word starting with T
taber,T,CMU Pronouncing Dictionary,easy,Alphabet practice word starting with T
tabernacle,T,CMU Pronouncing Dictionary,hard,Alphabet practice word starting with T
tabitha,T,CMU Pronouncing Dictionary,medium,Alphabet practice word starting with T
tablature,T,CMU Pronouncing Dictionary,hard,Alphabet practice word starting with T
table,T,CMU Pronouncing Dictionary,easy,Alphabet practice word starting with T
tableau,T,CMU Pronouncing Dictionary,medium,Alphabet practice word starting with T
tableaux,T,CMU Pronouncing Dictionary,hard,Alphabet practice word starting with T
tablecloth,T,CMU Pronouncing Dictionary,hard,Alphabet practice word starting with T
tabled,T,CMU Pronouncing Dictionary,medium,Alphabet practice word starting with T
tabler,T,CMU Pronouncing Dictionary,medium,Alphabet practice word starting with T
tables,T,CMU Pronouncing Dictionary,medium,Alphabet practice word starting with T
tablespoon,T,CMU Pronouncing Dictionary,hard,Alphabet practice word starting with T
tablet,T,CMU Pronouncing Dictionary,medium,Alphabet practice word starting with T
tabletop,T,CMU Pronouncing Dictionary,hard,Alphabet practice word starting with T
tablets,T,CMU Pronouncing Dictionary,medium,Alphabet practice word starting with T
tableware,T,CMU Pronouncing Dictionary,hard,Alphabet practice word starting with T
uarco,U,CMU Pronouncing Dictionary,easy,Alphabet practice word starting with U
uart,U,CMU Pronouncing Dictionary,easy,Alphabet practice word starting with U
ubben,U,CMU Pronouncing Dictionary,easy,Alphabet practice word starting with U
uber,U,CMU Pronouncing Dictionary,easy,Alphabet practice word starting with U
ubiquitous,U,CMU Pronouncing Dictionary,hard,Alphabet practice word starting with U
ubiquity,U,CMU Pronouncing Dictionary,hard,Alphabet practice word starting with U
ubuntu,U,CMU Pronouncing Dictionary,medium,Alphabet practice word starting with U
uccel,U,CMU Pronouncing Dictionary,easy,Alphabet practice word starting with U
ucci,U,CMU Pronouncing Dictionary,easy,Alphabet practice word starting with U
uchida,U,CMU Pronouncing Dictionary,medium,Alphabet practice word starting with U
uclaf,U,CMU Pronouncing Dictionary,easy,Alphabet practice word starting with U
udagawa,U,CMU Pronouncing Dictionary,medium,Alphabet practice word starting with U
udale,U,CMU Pronouncing Dictionary,easy,Alphabet practice word starting with U
udall,U,CMU Pronouncing Dictionary,easy,Alphabet practice word starting with U
uday,U,CMU Pronouncing Dictionary,easy,Alphabet practice word starting with U
uddin,U,CMU Pronouncing Dictionary,easy,Alphabet practice word starting with U
ude,U,CMU Pronouncing Dictionary,easy,Alphabet practice word starting with U
udell,U,CMU Pronouncing Dictionary,easy,Alphabet practice word starting with U
udelle,U,CMU Pronouncing Dictionary,medium,Alphabet practice word starting with U
uden,U,CMU Pronouncing Dictionary,easy,Alphabet practice word starting with U
udo,U,CMU Pronouncing Dictionary,easy,Alphabet practice word starting with U
udolf,U,CMU Pronouncing Dictionary,easy,Alphabet practice word starting with U
udvar,U,CMU Pronouncing Dictionary,easy,Alphabet practice word starting with U
udverhye,U,CMU Pronouncing Dictionary,hard,Alphabet practice word starting with U
udy,U,CMU Pronouncing Dictionary,easy,Alphabet practice word starting with U
uebel,U,CMU Pronouncing Dictionary,easy,Alphabet practice word starting with U
ueberroth,U,CMU Pronouncing Dictionary,hard,Alphabet practice word starting with U
uecker,U,CMU Pronouncing Dictionary,medium,Alphabet practice word starting with U
ueckert,U,CMU Pronouncing Dictionary,medium,Alphabet practice word starting with U
ueda,U,CMU Pronouncing Dictionary,easy,Alphabet practice word starting with U
vaal,V,CMU Pronouncing Dictionary,easy,Alphabet practice word starting with V
vaca,V,CMU Pronouncing Dictionary,easy,Alphabet practice word starting with V
vacancies,V,CMU Pronouncing Dictionary,hard,Alphabet practice word starting with V
vacancy,V,CMU Pronouncing Dictionary,medium,Alphabet practice word starting with V
vacant,V,CMU Pronouncing Dictionary,medium,Alphabet practice word starting with V
vacanti,V,CMU Pronouncing Dictionary,medium,Alphabet practice word starting with V
vacate,V,CMU Pronouncing Dictionary,medium,Alphabet practice word starting with V
vacated,V,CMU Pronouncing Dictionary,medium,Alphabet practice word starting with V
vacating,V,CMU Pronouncing Dictionary,hard,Alphabet practice word starting with V
vacation,V,CMU Pronouncing Dictionary,hard,Alphabet practice word starting with V
vacationed,V,CMU Pronouncing Dictionary,hard,Alphabet practice word starting with V
vacationer,V,CMU Pronouncing Dictionary,hard,Alphabet practice word starting with V
vacations,V,CMU Pronouncing Dictionary,hard,Alphabet practice word starting with V
vacaville,V,CMU Pronouncing Dictionary,hard,Alphabet practice word starting with V
vacca,V,CMU Pronouncing Dictionary,easy,Alphabet practice word starting with V
vaccarella,V,CMU Pronouncing Dictionary,hard,Alphabet practice word starting with V
vaccaro,V,CMU Pronouncing Dictionary,medium,Alphabet practice word starting with V
vaccina,V,CMU Pronouncing Dictionary,medium,Alphabet practice word starting with V
vaccinate,V,CMU Pronouncing Dictionary,hard,Alphabet practice word starting with V
vaccinated,V,CMU Pronouncing Dictionary,hard,Alphabet practice word starting with V
vaccine,V,CMU Pronouncing Dictionary,medium,Alphabet practice word starting with V
vaccines,V,CMU Pronouncing Dictionary,hard,Alphabet practice word starting with V
vaccinia,V,CMU Pronouncing Dictionary,hard,Alphabet practice word starting with V
vacco,V,CMU Pronouncing Dictionary,easy,Alphabet practice word starting with V
vacek,V,CMU Pronouncing Dictionary,easy,Alphabet practice word starting with V
vacha,V,CMU Pronouncing Dictionary,easy,Alphabet practice word starting with V
vachon,V,CMU Pronouncing Dictionary,medium,Alphabet practice word starting with V
vacillate,V,CMU Pronouncing Dictionary,hard,Alphabet practice word starting with V
vacillated,V,CMU Pronouncing Dictionary,hard,Alphabet practice word starting with V
vacillates,V,CMU Pronouncing Dictionary,hard,Alphabet practice word starting with V
waack,W,CMU Pronouncing Dictionary,easy,Alphabet practice word starting with W
waag,W,CMU Pronouncing Dictionary,easy,Alphabet practice word starting with W
waage,W,CMU Pronouncing Dictionary,easy,Alphabet practice word starting with W
waah,W,CMU Pronouncing Dictionary,easy,Alphabet practice word starting with W
waal,W,CMU Pronouncing Dictionary,easy,Alphabet practice word starting with W
waara,W,CMU Pronouncing Dictionary,easy,Alphabet practice word starting with W
waas,W,CMU Pronouncing Dictionary,easy,Alphabet practice word starting with W
wabash,W,CMU Pronouncing Dictionary,medium,Alphabet practice word starting with W
wace,W,CMU Pronouncing Dictionary,easy,Alphabet practice word starting with W
wach,W,CMU Pronouncing Dictionary,easy,Alphabet practice word starting with W
wacha,W,CMU Pronouncing Dictionary,easy,Alphabet practice word starting with W
wachholz,W,CMU Pronouncing Dictionary,hard,Alphabet practice word starting with W
wachner,W,CMU Pronouncing Dictionary,medium,Alphabet practice word starting with W
wacho,W,CMU Pronouncing Dictionary,easy,Alphabet practice word starting with W
wachob,W,CMU Pronouncing Dictionary,medium,Alphabet practice word starting with W
wachovia,W,CMU Pronouncing Dictionary,hard,Alphabet practice word starting with W
wachowiak,W,CMU Pronouncing Dictionary,hard,Alphabet practice word starting with W
wachowski,W,CMU Pronouncing Dictionary,hard,Alphabet practice word starting with W
wachs,W,CMU Pronouncing Dictionary,easy,Alphabet practice word starting with W
wachsman,W,CMU Pronouncing Dictionary,hard,Alphabet practice word starting with W
wachsmuth,W,CMU Pronouncing Dictionary,hard,Alphabet practice word starting with W
wachtel,W,CMU Pronouncing Dictionary,medium,Alphabet practice word starting with W
wachtell,W,CMU Pronouncing Dictionary,hard,Alphabet practice word starting with W
wachter,W,CMU Pronouncing Dictionary,medium,Alphabet practice word starting with W
wachtler,W,CMU Pronouncing Dictionary,hard,Alphabet practice word starting with W
wack,W,CMU Pronouncing Dictionary,easy,Alphabet practice word starting with W
wackenhut,W,CMU Pronouncing Dictionary,hard,Alphabet practice word starting with W
wacker,W,CMU Pronouncing Dictionary,medium,Alphabet practice word starting with W
wackerle,W,CMU Pronouncing Dictionary,hard,Alphabet practice word starting with W
wacko,W,CMU Pronouncing Dictionary,easy,Alphabet practice word starting with W
xan,X,CMU Pronouncing Dictionary,easy,Alphabet practice word starting with X
xanada,X,CMU Pronouncing Dictionary,medium,Alphabet practice word starting with X
xanadu,X,CMU Pronouncing Dictionary,medium,Alphabet practice word starting with X
xanax,X,CMU Pronouncing Dictionary,easy,Alphabet practice word starting with X
xanthe,X,CMU Pronouncing Dictionary,medium,Alphabet practice word starting with X
xantippe,X,CMU Pronouncing Dictionary,hard,Alphabet practice word starting with X
xaver,X,CMU Pronouncing Dictionary,easy,Alphabet practice word starting with X
xavier,X,CMU Pronouncing Dictionary,medium,Alphabet practice word starting with X
xaviera,X,CMU Pronouncing Dictionary,medium,Alphabet practice word starting with X
xbox,X,CMU Pronouncing Dictionary,easy,Alphabet practice word starting with X
xebec,X,CMU Pronouncing Dictionary,easy,Alphabet practice word starting with X
xena,X,CMU Pronouncing Dictionary,easy,Alphabet practice word starting with X
xene,X,CMU Pronouncing Dictionary,easy,Alphabet practice word starting with X
xenia,X,CMU Pronouncing Dictionary,easy,Alphabet practice word starting with X
xenon,X,CMU Pronouncing Dictionary,easy,Alphabet practice word starting with X
xenophobia,X,CMU Pronouncing Dictionary,hard,Alphabet practice word starting with X
xenophobic,X,CMU Pronouncing Dictionary,hard,Alphabet practice word starting with X
xenophon,X,CMU Pronouncing Dictionary,hard,Alphabet practice word starting with X
xenos,X,CMU Pronouncing Dictionary,easy,Alphabet practice word starting with X
xeriscape,X,CMU Pronouncing Dictionary,hard,Alphabet practice word starting with X
xero,X,CMU Pronouncing Dictionary,easy,Alphabet practice word starting with X
xerox,X,CMU Pronouncing Dictionary,easy,Alphabet practice word starting with X
xeroxed,X,CMU Pronouncing Dictionary,medium,Alphabet practice word starting with X
xeroxes,X,CMU Pronouncing Dictionary,medium,Alphabet practice word starting with X
xeroxing,X,CMU Pronouncing Dictionary,hard,Alphabet practice word starting with X
xers,X,CMU Pronouncing Dictionary,easy,Alphabet practice word starting with X
xerxes,X,CMU Pronouncing Dictionary,medium,Alphabet practice word starting with X
xhosa,X,CMU Pronouncing Dictionary,easy,Alphabet practice word starting with X
xiamen,X,CMU Pronouncing Dictionary,medium,Alphabet practice word starting with X
xian,X,CMU Pronouncing Dictionary,easy,Alphabet practice word starting with X
yaacov,Y,CMU Pronouncing Dictionary,medium,Alphabet practice word starting with Y
yabba,Y,CMU Pronouncing Dictionary,easy,Alphabet practice word starting with Y
yablon,Y,CMU Pronouncing Dictionary,medium,Alphabet practice word starting with Y
yablonski,Y,CMU Pronouncing Dictionary,hard,Alphabet practice word starting with Y
yablonsky,Y,CMU Pronouncing Dictionary,hard,Alphabet practice word starting with Y
yacht,Y,CMU Pronouncing Dictionary,easy,Alphabet practice word starting with Y
yachter,Y,CMU Pronouncing Dictionary,medium,Alphabet practice word starting with Y
yachters,Y,CMU Pronouncing Dictionary,hard,Alphabet practice word starting with Y
yachting,Y,CMU Pronouncing Dictionary,hard,Alphabet practice word starting with Y
yachts,Y,CMU Pronouncing Dictionary,medium,Alphabet practice word starting with Y
yachtsman,Y,CMU Pronouncing Dictionary,hard,Alphabet practice word starting with Y
yack,Y,CMU Pronouncing Dictionary,easy,Alphabet practice word starting with Y
yackel,Y,CMU Pronouncing Dictionary,medium,Alphabet practice word starting with Y
yackley,Y,CMU Pronouncing Dictionary,medium,Alphabet practice word starting with Y
yacko,Y,CMU Pronouncing Dictionary,easy,Alphabet practice word starting with Y
yacktman,Y,CMU Pronouncing Dictionary,hard,Alphabet practice word starting with Y
yacono,Y,CMU Pronouncing Dictionary,medium,Alphabet practice word starting with Y
yacos,Y,CMU Pronouncing Dictionary,easy,Alphabet practice word starting with Y
yacoub,Y,CMU Pronouncing Dictionary,medium,Alphabet practice word starting with Y
yadda,Y,CMU Pronouncing Dictionary,easy,Alphabet practice word starting with Y
yaden,Y,CMU Pronouncing Dictionary,easy,Alphabet practice word starting with Y
yadon,Y,CMU Pronouncing Dictionary,easy,Alphabet practice word starting with Y
yaeger,Y,CMU Pronouncing Dictionary,medium,Alphabet practice word starting with Y
yaffe,Y,CMU Pronouncing Dictionary,easy,Alphabet practice word starting with Y
yager,Y,CMU Pronouncing Dictionary,easy,Alphabet practice word starting with Y
yagi,Y,CMU Pronouncing Dictionary,easy,Alphabet practice word starting with Y
yagoda,Y,CMU Pronouncing Dictionary,medium,Alphabet practice word starting with Y
yah,Y,CMU Pronouncing Dictionary,easy,Alphabet practice word starting with Y
yahi,Y,CMU Pronouncing Dictionary,easy,Alphabet practice word starting with Y
yahn,Y,CMU Pronouncing Dictionary,easy,Alphabet practice word starting with Y
zabala,Z,CMU Pronouncing Dictionary,medium,Alphabet practice word starting with Z
zabawa,Z,CMU Pronouncing Dictionary,medium,Alphabet practice word starting with Z
zabel,Z,CMU Pronouncing Dictionary,easy,Alphabet practice word starting with Z
zabielski,Z,CMU Pronouncing Dictionary,hard,Alphabet practice word starting with Z
zabinski,Z,CMU Pronouncing Dictionary,hard,Alphabet practice word starting with Z
zablocki,Z,CMU Pronouncing Dictionary,hard,Alphabet practice word starting with Z
zaborowski,Z,CMU Pronouncing Dictionary,hard,Alphabet practice word starting with Z
zabows,Z,CMU Pronouncing Dictionary,medium,Alphabet practice word starting with Z
zabowski,Z,CMU Pronouncing Dictionary,hard,Alphabet practice word starting with Z
zabriskie,Z,CMU Pronouncing Dictionary,hard,Alphabet practice word starting with Z
zacarias,Z,CMU Pronouncing Dictionary,hard,Alphabet practice word starting with Z
zaccagnini,Z,CMU Pronouncing Dictionary,hard,Alphabet practice word starting with Z
zaccagnino,Z,CMU Pronouncing Dictionary,hard,Alphabet practice word starting with Z
zaccardi,Z,CMU Pronouncing Dictionary,hard,Alphabet practice word starting with Z
zaccaria,Z,CMU Pronouncing Dictionary,hard,Alphabet practice word starting with Z
zaccaro,Z,CMU Pronouncing Dictionary,medium,Alphabet practice word starting with Z
zaccheus,Z,CMU Pronouncing Dictionary,hard,Alphabet practice word starting with Z
zaccone,Z,CMU Pronouncing Dictionary,medium,Alphabet practice word starting with Z
zacek,Z,CMU Pronouncing Dictionary,easy,Alphabet practice word starting with Z
zach,Z,CMU Pronouncing Dictionary,easy,Alphabet practice word starting with Z
zachar,Z,CMU Pronouncing Dictionary,medium,Alphabet practice word starting with Z
zachariah,Z,CMU Pronouncing Dictionary,hard,Alphabet practice word starting with Z
zacharias,Z,CMU Pronouncing Dictionary,hard,Alphabet practice word starting with Z
zachary,Z,CMU Pronouncing Dictionary,medium,Alphabet practice word starting with Z
zacher,Z,CMU Pronouncing Dictionary,medium,Alphabet practice word starting with Z
zachery,Z,CMU Pronouncing Dictionary,medium,Alphabet practice word starting with Z
zachi,Z,CMU Pronouncing Dictionary,easy,Alphabet practice word starting with Z
zachman,Z,CMU Pronouncing Dictionary,medium,Alphabet practice word starting with Z
zachmann,Z,CMU Pronouncing Dictionary,hard,Alphabet practice word starting with Z
zachow,Z,CMU Pronouncing Dictionary,medium,Alphabet practice word starting with Z
